"","Best_fitness","Worst_fitness","Avg_fitness","fitness_std"
"1",7.91196069151325,7.1967998997335,7.60245707746244,0.195962386508096
"2",7.99196002771002,7.36905240789723,7.65345545973993,0.189225345789454
"3",7.99196002771002,7.36905240789723,7.71734034293492,0.150081468783779
"4",7.99196002771002,7.55604611636737,7.73144131330422,0.113345255193328
"5",7.99196002771002,7.55604611636737,7.75058967352384,0.115051648875937
"6",7.99196002771002,7.4918676988093,7.76157690897468,0.168569436133125
"7",7.99196002771002,7.55604611636737,7.79911731819246,0.181065086997338
"8",7.99196002771002,7.55604611636737,7.84674372377238,0.157200911036335
"9",7.99196002771002,7.55604611636737,7.89291348725666,0.127244232743895
"10",8.07575004587734,7.55604611636737,7.90832952755319,0.125320133301676
"11",8.07575004587734,7.55604611636737,7.96495206963378,0.100122869106671
"12",8.16386298071919,7.69075434765691,7.94574121965345,0.134692546187476
"13",8.16386298071919,7.69075434765691,7.97361810664091,0.149037415617709
"14",8.16386298071919,7.62227991566581,7.96175013074603,0.167121013342278
"15",8.16386298071919,7.62227991566581,7.99075204072129,0.159340467523123
"16",8.16386298071919,7.83532057540978,8.0292602441995,0.12399323767022
"17",8.16386298071919,7.83532057540978,8.07624468523184,0.10869552925114
"18",8.16386298071919,7.83532057540978,8.0769917986576,0.120068256683684
"19",8.25696821326115,7.76168415220109,8.07908841013202,0.147330164505002
"20",8.25696821326115,7.69075434765691,8.039415654659,0.177829718607505
"21",8.25696821326115,7.69075434765691,8.05070696059005,0.147938633154988
"22",8.25696821326115,7.69075434765691,8.02055148781838,0.154922694536826
"23",8.25696821326115,7.76168415220109,8.04319302840819,0.158671239711465
"24",8.25696821326115,7.76168415220109,8.04272486008299,0.153377659125548
"25",8.25696821326115,7.76168415220109,8.10558359536852,0.153284076826984
"26",8.25696821326115,7.76168415220109,8.11721838972898,0.152869397904845
"27",8.25696821326115,7.76168415220109,8.18015216058532,0.118224403305796
"28",8.25696821326115,7.91196069151325,8.19184531113435,0.110755242623609
"29",8.25696821326115,7.91196069151325,8.18297165109166,0.115196690064419
"30",8.25696821326115,7.99196002771002,8.19601830229483,0.0756295334404972
"31",8.35592749214434,7.99196002771002,8.19378198136867,0.0923564929794862
"32",8.35592749214434,7.99196002771002,8.21438629156681,0.0714650169433719
"33",8.35592749214434,8.07575004587734,8.2456962665691,0.0691507861164943
"34",8.35592749214434,8.07575004587734,8.25265509662935,0.0821010680984562
"35",8.35592749214434,8.07575004587734,8.23786064747512,0.101089542479513
"36",8.35592749214434,8.16386298071919,8.27521764031072,0.0841032115484721
"37",8.35592749214434,8.07575004587734,8.3050143839896,0.0916491318440369
"38",8.35592749214434,8.07575004587734,8.33009503078824,0.0608686018348839
"39",8.35592749214434,8.07575004587734,8.33029016566628,0.0656660357568689
"40",8.35592749214434,8.16386298071919,8.33962941387518,0.0448363970537942
"41",8.35592749214434,8.16386298071919,8.32333133560603,0.0589154577597959
"42",8.35592749214434,8.25696821326115,8.32623970847938,0.0461240885997663
"43",8.35592749214434,8.16386298071919,8.32333133560603,0.0589154577597959
"44",8.35592749214434,8.25696821326115,8.32953835110882,0.0445095526666131
"45",8.35592749214434,8.25696821326115,8.34273292162658,0.0342147653012065
"46",8.35592749214434,8.25696821326115,8.34273292162658,0.0342147653012065
"47",8.35592749214434,8.25696821326115,8.3361356363677,0.0402604052131959
"48",8.35592749214434,8.25696821326115,8.32953835110882,0.0445095526666131
"49",8.35592749214434,8.25696821326115,8.33283699373826,0.0425706061131296
"50",8.35592749214434,8.25696821326115,8.33283699373826,0.0425706061131296
"51",8.35592749214434,7.14216559046594,8.08907638279555,0.461380102081217
"52",8.35592749214434,7.14216559046594,8.1368861242161,0.409607835980417
"53",8.35592749214434,7.31014979220525,8.17917846226466,0.316968712447406
"54",8.35592749214434,7.36905240789723,8.16214833302903,0.30739529399022
"55",8.35592749214434,7.76168415220109,8.19871700588694,0.212941880487732
"56",8.35592749214434,7.83532057540978,8.26331546530225,0.175142504003841
"57",8.35592749214434,7.91196069151325,8.27500401482393,0.128967804584065
"58",8.35592749214434,8.16386298071919,8.33633077124574,0.0471752374984364
"59",8.35592749214434,8.16386298071919,8.33652590612378,0.0531979986169871
"60",8.35592749214434,8.16386298071919,8.33012375574295,0.061665734919844
"61",8.35592749214434,8.16386298071919,8.32992862086491,0.0565292324048455
"62",8.35592749214434,8.25696821326115,8.33943427899714,0.0375104178576638
"63",8.35592749214434,8.25696821326115,8.33943427899714,0.0375104178576638
"64",8.35592749214434,8.25696821326115,8.33283699373826,0.0425706061131296
"65",8.35592749214434,8.25696821326115,8.34603156425602,0.030195303909897
"66",8.35592749214434,8.25696821326115,8.3361356363677,0.0402604052131959
"67",8.35592749214434,8.16386298071919,8.33633077124574,0.0471752374984364
"68",8.35592749214434,8.25696821326115,8.34273292162658,0.0342147653012065
"69",8.35592749214434,8.25696821326115,8.3361356363677,0.0402604052131959
"70",8.35592749214434,8.25696821326115,8.32623970847938,0.0461240885997663
"71",8.35592749214434,8.25696821326115,8.31634378059106,0.0493087248050089
"72",8.35592749214434,7.31014979220525,8.16467028081441,0.363036865874958
"73",8.35592749214434,7.31014979220525,8.19638066938234,0.276983694067873
"74",8.35592749214434,7.31014979220525,8.25034095884748,0.198020577772031
"75",8.35592749214434,7.76168415220109,8.3103156444115,0.12048238315348
"76",8.46188251967933,7.91196069151325,8.30095429553397,0.127593911687433
"77",8.46188251967933,8.16386298071919,8.31801902984645,0.0878824519175974
"78",8.46188251967933,8.16386298071919,8.33105652222985,0.0821631849797688
"79",8.46188251967933,8.25696821326115,8.37098759563591,0.0649082367847203
"80",8.46188251967933,8.25696821326115,8.39877588640179,0.0647746441132821
"81",8.46188251967933,8.25696821326115,8.41643505765762,0.0651401149149108
"82",8.46188251967933,8.16386298071919,8.40386394851767,0.094458276035989
"83",8.57640162935479,8.25696821326115,8.42095193617865,0.0843809128122266
"84",8.57640162935479,8.25696821326115,8.42482151761745,0.0897230686299155
"85",8.57640162935479,8.35592749214434,8.43505519269341,0.080926968009955
"86",8.57640162935479,8.25696821326115,8.43204201946865,0.0909543368673745
"87",8.57640162935479,8.25696821326115,8.44697348690441,0.0988322491671216
"88",8.57640162935479,8.16386298071919,8.47274786975466,0.101181582943793
"89",8.57640162935479,8.16386298071919,8.48009700766168,0.100407870878847
"90",8.57640162935479,8.35592749214434,8.50854657176356,0.0754464386593829
"91",8.57640162935479,8.35592749214434,8.51971301332643,0.070727891886492
"92",8.57640162935479,8.35592749214434,8.5050147375124,0.0800460260265613
"93",8.57640162935479,8.46188251967933,8.54204589645215,0.0533763950247891
"94",8.57640162935479,8.35592749214434,8.53908500101035,0.073463366176528
"95",8.57640162935479,8.35592749214434,8.52438672519632,0.0859703686278944
"96",8.57640162935479,8.25696821326115,8.52947454252672,0.104202501086385
"97",8.57640162935479,8.25696821326115,8.53220224634679,0.0879175965618269
"98",8.57640162935479,8.25696821326115,8.52758081225985,0.0746670325330218
"99",8.57640162935479,8.25696821326115,8.5313981159157,0.0741177671912621
"100",8.57640162935479,8.16386298071919,8.53211191182015,0.0863548764843163
"101",8.57640162935479,8.07575004587734,8.51248642787617,0.12914392379238
"102",8.57640162935479,8.07575004587734,8.50924006302969,0.135031868409852
"103",8.57640162935479,8.07575004587734,8.51174883435798,0.121140448523857
"104",8.57640162935479,8.25696821326115,8.54342096569261,0.0815481506520734
"105",8.57640162935479,8.35592749214434,8.55788604988491,0.0587359715738754
"106",8.57640162935479,8.35592749214434,8.53202133250802,0.0851338006558031
"107",8.57640162935479,8.25696821326115,8.52924135090499,0.101079316883525
"108",8.57640162935479,8.35592749214434,8.56141788413608,0.0484599797618461
"109",8.57640162935479,8.46188251967933,8.57258432569894,0.0209082332115537
"110",8.57640162935479,8.46188251967933,8.5687670220431,0.029054429359992
"111",8.57640162935479,8.46188251967933,8.56494971838725,0.0349430529321372
"112",8.57640162935479,7.4295835278917,8.35486728307378,0.425260587161091
"113",8.57640162935479,7.4918676988093,8.44939148826037,0.313902929109495
"114",8.57640162935479,7.62227991566581,8.46373950639219,0.238902894660479
"115",8.57640162935479,7.62227991566581,8.43222091867391,0.284364465899756
"116",8.70174308846789,8.07575004587734,8.53789165624755,0.113156063976112
"117",8.70174308846789,8.35592749214434,8.55197989190292,0.0940192488776006
"118",8.70174308846789,8.35592749214434,8.55291157569354,0.106879307872515
"119",8.70174308846789,8.35592749214434,8.56523552777674,0.113757576257276
"120",8.70174308846789,8.35592749214434,8.58950705406027,0.118035331567081
"121",8.70174308846789,8.16386298071919,8.61134428477197,0.134431573190448
"122",8.70174308846789,8.35592749214434,8.61428987647821,0.122897227608776
"123",8.70174308846789,8.46188251967933,8.65722753338477,0.0866651850365874
"124",8.70174308846789,8.46188251967933,8.65650604342226,0.0751200985993137
"125",8.70174308846789,8.57640162935479,8.67667479664527,0.0509936813491032
"126",8.70174308846789,8.46188251967933,8.67739628660778,0.0666188709000385
"127",8.70174308846789,8.57640162935479,8.68920894255658,0.0382452610118274
"128",8.70174308846789,8.57640162935479,8.68503089391948,0.043336296044835
"129",8.70174308846789,8.57640162935479,8.68085284528238,0.0475105574664825
"130",8.70174308846789,8.57640162935479,8.67249674800817,0.0539197733225892
"131",8.70174308846789,8.57640162935479,8.67667479664527,0.0509936813491032
"132",8.70174308846789,8.57640162935479,8.65578455345976,0.0614339249465421
"133",8.70174308846789,8.57640162935479,8.64742845618555,0.0631729643845518
"134",8.70174308846789,8.57640162935479,8.65996260209686,0.0600966297993614
"135",8.70174308846789,8.57640162935479,8.68085284528238,0.0475105574664825
"136",8.70174308846789,8.57640162935479,8.69338699119368,0.0318001474164448
"137",8.70174308846789,8.70174308846789,8.70174308846789,0
"138",8.70174308846789,8.57640162935479,8.69338699119368,0.0318001474164448
"139",8.70174308846789,8.57640162935479,8.68503089391948,0.043336296044835
"140",8.70174308846789,8.57640162935479,8.68503089391948,0.043336296044835
"141",8.70174308846789,8.57640162935479,8.69756503983079,0.0228841148489518
"142",8.70174308846789,8.57640162935479,8.67249674800817,0.0539197733225892
"143",8.70174308846789,8.57640162935479,8.68085284528238,0.0475105574664825
"144",8.70174308846789,8.57640162935479,8.68085284528238,0.0475105574664825
"145",8.70174308846789,8.57640162935479,8.68085284528238,0.0475105574664825
"146",8.70174308846789,8.57640162935479,8.68920894255658,0.0382452610118274
"147",8.70174308846789,8.57640162935479,8.67667479664527,0.0509936813491032
"148",8.70174308846789,8.46188251967933,8.66867944435232,0.0640581211920865
"149",8.70174308846789,8.57640162935479,8.67249674800817,0.0539197733225892
"150",8.70174308846789,8.57640162935479,8.68085284528238,0.0475105574664825
"151",8.70174308846789,8.46188251967933,8.66450139571522,0.065888660448501
"152",8.70174308846789,7.36905240789723,8.45856932064053,0.476762038383723
"153",8.70174308846789,7.4918676988093,8.51460341195344,0.354954932591201
"154",8.70174308846789,7.55604611636737,8.60012718640263,0.249734933787021
"155",8.70174308846789,7.69075434765691,8.60610192905697,0.215870547619554
"156",8.70174308846789,7.69075434765691,8.57570094699271,0.268654564516046
"157",8.70174308846789,7.69075434765691,8.63245494477465,0.200377327318161
"158",8.70174308846789,7.91196069151325,8.6240226368483,0.200048382020005
"159",8.70174308846789,8.07575004587734,8.61511011046498,0.130834614494385
"160",8.70174308846789,8.07575004587734,8.62728351139504,0.128921380494322
"161",8.70174308846789,8.35592749214434,8.63626201462268,0.0873565194577016
"162",8.70174308846789,8.35592749214434,8.6665153144496,0.0974131877507077
"163",8.70174308846789,8.35592749214434,8.63157300983599,0.130959111724265
"164",8.70174308846789,8.35592749214434,8.6495176504965,0.0970610789552281
"165",8.70174308846789,8.46188251967933,8.66450139571522,0.065888660448501
"166",8.70174308846789,8.46188251967933,8.65304948474767,0.087462757400495
"167",8.70174308846789,8.46188251967933,8.64541487743597,0.0985119451466902
"168",8.70174308846789,8.35592749214434,8.67386445235661,0.0799193410889439
"169",8.70174308846789,8.35592749214434,8.65261346418984,0.0806377937324234
"170",8.70174308846789,8.46188251967933,8.67703554162653,0.0593241044870226
"171",8.70174308846789,8.46188251967933,8.68121359026363,0.0563305293846252
"172",8.70174308846789,8.46188251967933,8.68575238388199,0.0608545767764368
"173",8.70174308846789,7.25276515968124,8.35806125747542,0.532069867989295
"174",8.70174308846789,7.76168415220109,8.45611056913981,0.402434469375242
"175",8.70174308846789,7.76168415220109,8.48423473334212,0.342085164530448
"176",8.8413734483303,7.76168415220109,8.53640603941719,0.306888498315006
"177",8.8413734483303,8.07575004587734,8.62273584550561,0.242961230776939
"178",8.8413734483303,8.07575004587734,8.63389066035536,0.211494201771488
"179",8.8413734483303,8.07575004587734,8.66595486897676,0.202343025252119
"180",8.8413734483303,8.35592749214434,8.75040908207744,0.144007126416372
"181",8.8413734483303,8.35592749214434,8.75358017134735,0.131788091472309
"182",9.00112920101795,8.25696821326115,8.76093191223042,0.155107859757156
"183",9.00112920101795,8.46188251967933,8.78595411726937,0.130532451333363
"184",9.00112920101795,8.46188251967933,8.78359405817893,0.150639502065277
"185",9.00112920101795,8.46188251967933,8.80774631030317,0.111423961314185
"186",9.00112920101795,8.57640162935479,8.83104639143738,0.101335598271357
"187",9.00112920101795,8.57640162935479,8.82457405656197,0.0811073848741195
"188",8.8413734483303,8.70174308846789,8.82275606701532,0.0482766249464539
"189",9.00112920101795,8.70174308846789,8.81478906921284,0.0800463279228869
"190",9.00112920101795,8.70174308846789,8.82942295162659,0.0807851759144359
"191",9.00112920101795,8.70174308846789,8.85470721755284,0.0882364125774514
"192",9.00112920101795,8.57640162935479,8.86832273373117,0.125651821626621
"193",9.00112920101795,8.70174308846789,8.90661744226038,0.0962390199213684
"194",9.00112920101795,8.70174308846789,8.93257255461415,0.088934795387622
"195",9.00112920101795,8.70174308846789,8.95919851339542,0.080946549106157
"196",9.00112920101795,8.70174308846789,8.94854812988291,0.0852712057296305
"197",9.00112920101795,8.70174308846789,8.96054020625044,0.0965822749694542
"198",9.00112920101795,8.70174308846789,8.96984889690793,0.0748252962247582
"199",9.00112920101795,8.70174308846789,8.96054020625044,0.0965822749694542
"200",9.00112920101795,8.70174308846789,8.96519455157918,0.0865210397807355
"201",9.19239259034299,8.70174308846789,8.97089915146251,0.0883581181376905
"202",9.19239259034299,8.70174308846789,8.94028969378,0.113424401626943
"203",9.19239259034299,8.70174308846789,8.96872472336999,0.122355386882286
"204",9.19239259034299,8.70174308846789,9.00659799310793,0.150943403201751
"205",9.19239259034299,8.70174308846789,9.04950501630168,0.160473869858761
"206",9.19239259034299,8.70174308846789,9.05789300189504,0.17347295833241
"207",9.19239259034299,8.57640162935479,9.09490087546961,0.171304610140193
"208",9.19239259034299,8.70174308846789,9.1207590992588,0.133408049044014
"209",9.19239259034299,8.8413734483303,9.16794105965423,0.0784420466201606
"210",9.19239259034299,9.19239259034299,9.19239259034299,0
"211",9.19239259034299,9.19239259034299,9.19239259034299,0
"212",9.19239259034299,9.00112920101795,9.18601714403215,0.0349197575860719
"213",9.19239259034299,9.00112920101795,9.13501357354548,0.0891462590944356
"214",9.19239259034299,9.00112920101795,9.15413991247798,0.0778132343280755
"215",9.19239259034299,8.8413734483303,9.1307386363438,0.110153917297451
"216",9.19239259034299,8.8413734483303,9.10306242300795,0.144989335726869
"217",9.19239259034299,8.57640162935479,9.07937862731127,0.154825670581351
"218",9.19239259034299,8.57640162935479,9.09107926537836,0.149386931356247
"219",9.19239259034299,9.00112920101795,9.11588723461297,0.0953013596697024
"220",9.19239259034299,9.00112920101795,9.13501357354548,0.0891462590944356
"221",9.19239259034299,7.31014979220525,8.97595402074056,0.536792489308346
"222",9.19239259034299,7.4918676988093,8.97640951361212,0.475430430786135
"223",9.19239259034299,7.1967998997335,8.8882551151835,0.542364100195887
"224",9.19239259034299,7.62227991566581,8.9627393264829,0.410764864706654
"225",9.19239259034299,7.76168415220109,9.06111123291508,0.319873619465329
"226",9.19239259034299,8.57640162935479,9.1165810506217,0.14813326641807
"227",9.19239259034299,8.57640162935479,9.06703903113582,0.188711236151169
"228",9.19239259034299,8.57640162935479,9.08224687141251,0.170938276922643
"229",9.19239259034299,8.46188251967933,9.06672892968957,0.18708408510422
"230",9.19239259034299,8.46188251967933,9.05302897751329,0.208976720228796
"231",9.19239259034299,8.57640162935479,9.0857540736221,0.155429156000191
"232",9.19239259034299,8.57640162935479,9.10022606722586,0.165537687635504
"233",9.19239259034299,8.70174308846789,9.14055628461881,0.132692130309348
"234",9.19239259034299,9.00112920101795,9.09676089568047,0.0972665429100944
"235",9.19239259034299,8.8413734483303,9.10523685110046,0.115125423447096
"236",9.19239259034299,8.8413734483303,9.12331293547839,0.103272260427083
"237",9.19239259034299,8.70174308846789,9.09592816044297,0.13996663657427
"238",9.19239259034299,8.70174308846789,9.09525731401546,0.135613943624602
"239",9.19239259034299,8.8413734483303,9.12751395369671,0.134725359157103
"240",9.19239259034299,8.8413734483303,9.15624042158714,0.0983278936006541
"241",9.19239259034299,8.8413734483303,9.13606382810006,0.0989772427792693
"242",9.19239259034299,7.4918676988093,8.92226710542378,0.598561842746764
"243",9.19239259034299,7.91196069151325,8.8731785762522,0.453097661208392
"244",9.19239259034299,7.83532057540978,8.80537121960469,0.478090623946963
"245",9.19239259034299,7.91196069151325,8.92260578795404,0.422034014584365
"246",9.19239259034299,8.35592749214434,9.05464365443089,0.28466573256189
"247",9.19239259034299,8.35592749214434,9.07261854380885,0.262074478356068
"248",9.19239259034299,8.46188251967933,9.12060074427749,0.201245629691735
"249",9.19239259034299,8.46188251967933,9.13616502310003,0.146417824932349
"250",9.19239259034299,8.46188251967933,9.1489159157217,0.142233826248039
"251",9.19239259034299,8.46188251967933,9.13094102634374,0.188200594866557
"252",9.19239259034299,8.8413734483303,9.14243927441089,0.0961042052001762
"253",9.19239259034299,8.8413734483303,9.13711408265464,0.107905752975585
"254",9.19239259034299,9.00112920101795,9.13501357354548,0.0891462590944356
"255",9.19239259034299,9.00112920101795,9.13501357354548,0.0891462590944356
"256",9.19239259034299,9.00112920101795,9.14138901985631,0.0860257673300764
"257",9.19239259034299,8.8413734483303,9.13711408265464,0.107905752975585
"258",9.19239259034299,8.70174308846789,9.13140948277131,0.115256915431692
"259",9.19239259034299,8.8413734483303,9.14348952896547,0.105210844160543
"260",9.19239259034299,8.8413734483303,9.1392145917638,0.123818895882145
"261",9.19239259034299,8.8413734483303,9.16261586789797,0.0940306194128426
"262",9.19239259034299,9.00112920101795,9.14138901985631,0.0860257673300764
"263",9.19239259034299,7.36905240789723,8.82213546281696,0.726542653768781
"264",9.19239259034299,7.55604611636737,8.95097458910989,0.51451793989392
"265",9.19239259034299,7.62227991566581,8.92619643687805,0.477010831212984
"266",9.19239259034299,7.83532057540978,9.06325307593307,0.290124831160686
"267",9.19239259034299,7.83532057540978,9.07562456042766,0.290061982483449
"268",9.19239259034299,8.8413734483303,9.12646369914213,0.127604486419391
"269",9.19239259034299,8.70174308846789,9.12608429101505,0.124780878223046
"270",9.19239259034299,8.70174308846789,9.14521062994756,0.118454458357054
"271",9.19239259034299,8.8413734483303,9.14881472072173,0.0926900539465829
"272",9.19239259034299,8.8413734483303,9.11266255196588,0.122475716419582
"273",9.19239259034299,8.70174308846789,9.06464785633295,0.176987771033788
"274",9.19239259034299,8.70174308846789,9.0792817387467,0.154526784431824
"275",9.19239259034299,8.70174308846789,9.08888186770463,0.135385599974914
"276",9.19239259034299,8.8413734483303,9.09991165934421,0.123497423272134
"277",9.19239259034299,8.8413734483303,9.13711408265464,0.107905752975585
"278",9.19239259034299,8.8413734483303,9.14453978352005,0.113579677144188
"279",9.19239259034299,8.8413734483303,9.1615656133434,0.0839643633395823
"280",9.19239259034299,8.70174308846789,9.16966216063632,0.095016957605741
"281",9.19239259034299,9.00112920101795,9.18601714403215,0.0349197575860719
"282",9.19239259034299,9.00112920101795,9.17326625141049,0.0583599257460566
"283",9.19239259034299,9.00112920101795,9.17326625141049,0.0583599257460566
"284",9.19239259034299,7.36905240789723,8.55057807621508,0.821741807456667
"285",9.19239259034299,7.36905240789723,8.55094865818363,0.776366454345336
"286",9.19239259034299,7.36905240789723,8.65908749308536,0.682314657562478
"287",9.44455450680151,7.4918676988093,8.92721556471522,0.513662210673503
"288",9.44455450680151,7.4918676988093,9.02798652496665,0.390881867306906
"289",9.44455450680151,8.57640162935479,9.09741545169295,0.26400965972375
"290",9.44455450680151,8.57640162935479,9.10116821489707,0.316412107145511
"291",9.44455450680151,8.57640162935479,9.17229936567341,0.291546144361671
"292",9.44455450680151,8.57640162935479,9.23179966398066,0.254073179009647
"293",9.44455450680151,8.70174308846789,9.2532155037989,0.225625125758749
"294",9.44455450680151,8.8413734483303,9.27692562985544,0.198763385005984
"295",9.44455450680151,8.8413734483303,9.30445736600322,0.179766114134433
"296",9.44455450680151,8.8413734483303,9.33198910215101,0.153481463870925
"297",9.44455450680151,8.8413734483303,9.33198910215101,0.153481463870925
"298",9.44455450680151,8.8413734483303,9.34879989658158,0.150977243884248
"299",9.44455450680151,9.19239259034299,9.35209513743338,0.123592755020593
"300",9.44455450680151,9.19239259034299,9.36890593186395,0.117530551025417
"301",9.44455450680151,9.00112920101795,9.36253048555312,0.13176165221689
"302",9.44455450680151,9.00112920101795,9.34340414662061,0.165830231723996
"303",9.44455450680151,9.00112920101795,9.36456043645757,0.14176160873038
"304",9.44455450680151,9.00112920101795,9.36659038736202,0.151072991752742
"305",9.44455450680151,9.00112920101795,9.38340118179258,0.144420052440714
"306",9.44455450680151,9.19239259034299,9.41933831515566,0.0769418066491206
"307",9.44455450680151,9.19239259034299,9.41093291794037,0.0871839496699887
"308",9.44455450680151,9.19239259034299,9.42774371237094,0.0639755287112033
"309",9.44455450680151,9.19239259034299,9.40252752072509,0.095581727766155
"310",9.44455450680151,9.19239259034299,9.41093291794037,0.0871839496699887
"311",9.44455450680151,9.19239259034299,9.41933831515566,0.0769418066491206
"312",9.44455450680151,9.19239259034299,9.41933831515566,0.0769418066491206
"313",9.44455450680151,9.19239259034299,9.37731132907924,0.113416490376536
"314",9.44455450680151,9.19239259034299,9.3941221235098,0.102589075532161
"315",9.44455450680151,9.00112920101795,9.37296583367285,0.138642683949511
"316",9.44455450680151,9.00112920101795,9.35818499014673,0.153579740466672
"317",9.44455450680151,9.00112920101795,9.34137419571616,0.15708466115573
"318",9.44455450680151,9.00112920101795,9.34137419571616,0.15708466115573
"319",9.44455450680151,9.00112920101795,9.35615503924228,0.144307795146356
"320",9.44455450680151,9.19239259034299,9.36890593186395,0.117530551025417
"321",9.44455450680151,9.19239259034299,9.40252752072509,0.095581727766155
"322",9.44455450680151,9.19239259034299,9.3941221235098,0.102589075532161
"323",9.44455450680151,9.00112920101795,9.4213682660601,0.091742439532475
"324",9.44455450680151,7.36905240789723,9.042702509086,0.800966858405172
"325",9.44455450680151,7.31014979220525,8.87765374901466,0.751812286163912
"326",9.44455450680151,7.36905240789723,9.14984755630181,0.64319396483231
"327",9.44455450680151,7.76168415220109,9.13089825644812,0.5351013530383
"328",9.44455450680151,7.99196002771002,9.21716513786298,0.424808692915711
"329",9.44455450680151,8.35592749214434,9.17551433364637,0.370523563781707
"330",9.44455450680151,8.57640162935479,9.27418557252724,0.287782200091086
"331",9.44455450680151,8.70174308846789,9.27993776103406,0.260375622875845
"332",9.44455450680151,8.70174308846789,9.27738144089017,0.228283679603258
"333",9.44455450680151,9.00112920101795,9.27152987989447,0.208350770952532
"334",9.44455450680151,8.8413734483303,9.3136274241756,0.213646422609334
"335",9.44455450680151,8.8413734483303,9.3136274241756,0.213646422609334
"336",9.44455450680151,8.8413734483303,9.3676406419166,0.155464739690256
"337",9.44455450680151,8.8413734483303,9.37807599003633,0.160995701527759
"338",9.44455450680151,8.8413734483303,9.32840826770172,0.206500528875264
"339",9.44455450680151,8.8413734483303,9.30858782601683,0.195566789754854
"340",9.44455450680151,8.8413734483303,9.34956455753867,0.18946121108998
"341",9.44455450680151,9.19239259034299,9.38571672629452,0.108475786641071
"342",9.44455450680151,9.19239259034299,9.3941221235098,0.102589075532161
"343",9.44455450680151,9.19239259034299,9.41093291794037,0.0871839496699887
"344",9.44455450680151,9.00112920101795,9.38977662810342,0.130514950935701
"345",9.44455450680151,7.36905240789723,9.00057012872984,0.821157550926335
"346",9.44455450680151,8.07575004587734,9.26257321861923,0.410037045926122
"347",9.44455450680151,8.46188251967933,9.30426032201287,0.300825709352687
"348",9.44455450680151,8.46188251967933,9.35296099339045,0.199919165396264
"349",9.44455450680151,8.57640162935479,9.36518369426158,0.18063216908992
"350",9.44455450680151,8.57640162935479,9.34837289983101,0.184283087136524
"351",9.44455450680151,8.57640162935479,9.27542960421096,0.290640607358594
"352",9.44455450680151,8.57640162935479,9.25658885887594,0.281961594330947
"353",9.44455450680151,8.57640162935479,9.25637382348317,0.301914192929791
"354",9.44455450680151,8.35592749214434,9.33092607801079,0.262771969522439
"355",9.44455450680151,8.8413734483303,9.32637831679727,0.199387593080205
"356",9.44455450680151,9.19239259034299,9.37731132907924,0.113416490376536
"357",9.44455450680151,9.00112920101795,9.347749642027,0.146311147570019
"358",9.44455450680151,9.19239259034299,9.32687894578753,0.127951057422407
"359",9.44455450680151,9.00112920101795,9.30137716054419,0.166854030147631
"360",9.44455450680151,8.8413734483303,9.29808191969239,0.187118797798628
"361",9.44455450680151,8.8413734483303,9.2896765224771,0.185972410327909
"362",9.44455450680151,8.8413734483303,9.2631950408839,0.206174697283782
"363",9.44455450680151,9.00112920101795,9.33731429390727,0.13784724894301
"364",9.44455450680151,9.00112920101795,9.34571969112255,0.136385950740304
"365",9.44455450680151,9.00112920101795,9.36253048555312,0.13176165221689
"366",9.44455450680151,7.25276515968124,9.02021580263848,0.767268341087257
"367",9.44455450680151,7.25276515968124,9.07301984502582,0.616402680565451
"368",9.44455450680151,7.62227991566581,9.20176062875463,0.534438015481444
"369",9.44455450680151,7.62227991566581,9.06461536713148,0.63189932479467
"370",9.44455450680151,7.76168415220109,9.21801795592475,0.393709723345054
"371",9.44455450680151,7.99196002771002,9.32297187783342,0.303388790290694
"372",9.44455450680151,8.07575004587734,9.23016149081788,0.376626741886731
"373",9.44455450680151,8.07575004587734,9.20511296644041,0.371950966037559
"374",9.44455450680151,8.57640162935479,9.21852488604385,0.280952699753101
"375",9.44455450680151,8.46188251967933,9.23946796299912,0.276689241110215
"376",9.44455450680151,8.46188251967933,9.25418255475593,0.29562359884196
"377",9.44455450680151,8.8413734483303,9.3055076205578,0.18383988576123
"378",9.44455450680151,8.70174308846789,9.25383568756792,0.275312197979725
"379",9.44455450680151,8.70174308846789,9.35436586397979,0.205624426574534
"380",9.44455450680151,8.8413734483303,9.33786391947158,0.209302535776666
"381",9.44455450680151,9.00112920101795,9.37296583367285,0.138642683949511
"382",9.44455450680151,9.00112920101795,9.37934127998368,0.124645268513553
"383",9.44455450680151,8.8413734483303,9.40966762799301,0.134413228222899
"384",9.44455450680151,8.8413734483303,9.41604307430385,0.117887434315964
"385",9.44455450680151,9.00112920101795,9.3981820253187,0.125383694792721
"386",9.44455450680151,9.19239259034299,9.38571672629452,0.108475786641071
"387",9.44455450680151,7.08878258416143,9.01015180555483,0.84728033286526
"388",9.44455450680151,7.31014979220525,9.05736443068809,0.696191869085323
"389",9.44455450680151,7.62227991566581,8.99260401257137,0.626080602408365
"390",9.44455450680151,7.91196069151325,9.03113874939894,0.546893067373123
"391",10.06711462,8.07575004587734,9.30970778682293,0.426913359343895
"392",10.06711462,8.07575004587734,9.31177696451615,0.354379467997132
"393",10.06711462,8.46188251967933,9.29143650303742,0.330316092187983
"394",10.06711462,8.57640162935479,9.29267078610168,0.353077399529412
"395",10.06711462,8.57640162935479,9.27942088610147,0.339896681999084
"396",10.06711462,8.57640162935479,9.30000321807549,0.331752702828454
"397",10.06711462,8.57640162935479,9.34775357837457,0.265146753749266
"398",10.06711462,8.70174308846789,9.44002315143382,0.264693984140181
"399",10.06711462,9.19239259034299,9.48553553581822,0.250370015595193
"400",10.06711462,9.19239259034299,9.48553553581822,0.250370015595193
"401",10.06711462,9.19239259034299,9.5186341461495,0.296087508672727
"402",10.06711462,9.00112920101795,9.57451471115852,0.34721027971163
"403",10.06711462,9.00112920101795,9.68668012724022,0.376845315916251
"404",10.06711462,8.8413734483303,9.71051233647253,0.38265378648017
"405",10.06711462,9.19239259034299,9.7306183717549,0.349852050974442
"406",10.06711462,9.19239259034299,9.7676581914289,0.38174254566266
"407",10.06711462,9.19239259034299,9.8551303943946,0.335938371688584
"408",10.06711462,9.19239259034299,9.91344519637173,0.286608975705535
"409",10.06711462,9.19239259034299,9.91738640571445,0.309927857375563
"410",10.06711462,9.19239259034299,9.9549492039183,0.25851236150039
"411",10.06711462,9.44455450680151,9.96335460113358,0.235980801913019
"412",10.06711462,9.19239259034299,9.93419720014502,0.273737407952793
"413",10.06711462,9.19239259034299,10.0172052152381,0.192800706752401
"414",10.06711462,9.44455450680151,9.98410660490687,0.215247608909129
"415",10.06711462,9.44455450680151,9.85959458226717,0.298494727247264
